<?xml version="1.0" encoding="utf-8"?>
<ApplicationInstallerManifest>
   <DefaultInstallationDirectory>/Applications/University_of_Westminster/NSSFR_GUI/</DefaultInstallationDirectory>
   <ApplicationName>NSSFR_GUI</ApplicationName>
   <ExecutableName>application/NSSFR_GUI.exe</ExecutableName>
   <GUID>07a9134e-3341-46c5-a869-05c9633ef441</GUID>
   <ApplicationIcon>default_icon_48.png</ApplicationIcon>
   <Logo>default_logo.png</Logo>
   <Version>1.1</Version>
   <InstallationNotes>In the following directions, replace MR/v912 by the directory on the target machine where MATLAB is installed, or MR by the directory where the MATLAB Runtime is installed.

If the environment variable DYLD_LIBRARY_PATH is undefined, set it to the following string:

MR/v912/runtime/maci64:MR/v912/sys/os/maci64:MR/v912/bin/maci64

If it is defined, set it to the following:

${DYLD_LIBRARY_PATH}:MR/v912/runtime/maci64:MR/v912/sys/os/maci64:MR/v912/bin/maci64
</InstallationNotes>
   <AuthorOrganization>University of Westminster</AuthorOrganization>
   <Summary>Prototype app that estimates the ISO12233:2023 e-SFR directly from pictorial natural scene.</Summary>
   <WelcomePanelText>NSSFR_GUI 1.1
Prototype app that estimates the ISO12233:2023 e-SFR directly from pictorial natural scene.

Recent research on digital camera performance evaluation introduced the Natural Scene Spatial Frequency Response (NS-SFR) framework, shown to provide a comparable measure to the ISO12233 edge SFR (e-SFR) but derived outside laboratory conditions. The framework extracts step-edges captured from pictorial natural scenes to evaluate the camera SFR. It is in 2-parts. The first utilizes the ISO12233 slanted-edge algorithm to produce an ‘envelope’ of NS-SFRs. The second estimates the system e-SFR from this NS-SFR data.

Rev1.1 Updates: 
+ Fix to reported bugs in the code
+ Updated to use sframt5, instead of sfrmat4
+ Allow JPEG and PNG file formats to be uploaded, in addition to the RAW and TIFF

References:
O. van Zwanenberg, “Camera Spatial Frequency Response Derived from Pictorial Natural Scenes,” University of Westminster, 2022.

O. van Zwanenberg, S. Triantaphillidou, and R. B. Jenkin, “A Tool for Deriving Camera Spatial Frequency Response from Natural Scenes (NS-SFR)” IS&amp;T International Symposium on Electronic Imaging: Image Quality and System Performance XX, 2023.
O. van Zwanenberg, S. Triantaphillidou, R. Jenkin, and A. Psarrou, ‘Estimation of ISO12233 edge spatial frequency response from natural scene derived step-edge data’, Journal of Imaging Science and Technology, pp. 60402-1-60402-16, Vol. 65 Issue 6, 2022 
O. van Zwanenberg, S. Triantaphillidou, A. Psarrou, and R. Jenkin, ‘Analysis of natural scene derived spatial frequency responses for estimating the camera ISO12233 slanted-edge performance’, Journal of Imaging Science and Technology, pp. 60405-1-60405-12, Vol. 65 Issue 6, 2022 
O. van Zwanenberg, S. Triantaphillidou, R. B. Jenkin, and A. Psarrou, ‘Natural Scene Derived Camera Edge Spatial Frequency Response for Autonomous Vision Systems’ IS&amp;T/IoP London Imaging Meeting, pp. 88-92, 2021. 
O. van Zwanenberg, S. Triantaphillidou, R. B. Jenkin, and A. Psarrou, ‘Camera System Performance Derived from Natural Scenes’ IS&amp;T International Symposium on Electronic Imaging: Image Quality and System Performance XVII, pp. 241-1-241–10, 2020. 
O. van Zwanenberg, S. Triantaphillidou, R. B. Jenkin, and A. Psarrou, ‘Edge Detection Techniques for Quantifying Spatial Imaging System Performance and Image Quality’, IEEE: New Trends in Image Restoration and Enhancement (NTIRE) workshop, in conjunction with Conference on Computer Vision and Pattern Recognition (CVPR), pp. 1871-1879, 2019.

Oliver van Zwanenberg
oliver@vanzed.com</WelcomePanelText>
   <MCRProducts>
      <MCRProduct>
         <ExternalProductIdentifier>35000</ExternalProductIdentifier>
      </MCRProduct>
      <MCRProduct>
         <ExternalProductIdentifier>35003</ExternalProductIdentifier>
      </MCRProduct>
      <MCRProduct>
         <ExternalProductIdentifier>35010</ExternalProductIdentifier>
      </MCRProduct>
      <MCRProduct>
         <ExternalProductIdentifier>35106</ExternalProductIdentifier>
      </MCRProduct>
      <MCRProduct>
         <ExternalProductIdentifier>35117</ExternalProductIdentifier>
      </MCRProduct>
      <MCRProduct>
         <ExternalProductIdentifier>35119</ExternalProductIdentifier>
      </MCRProduct>
      <MCRProduct>
         <ExternalProductIdentifier>35180</ExternalProductIdentifier>
      </MCRProduct>
      <MCRProduct>
         <ExternalProductIdentifier>35380</ExternalProductIdentifier>
      </MCRProduct>
   </MCRProducts>
</ApplicationInstallerManifest>